-- phpMyAdmin SQL Dump
-- version 4.7.0
-- https://www.phpmyadmin.net/
--
-- Host: 127.0.0.1
-- Generation Time: Feb 08, 2019 at 05:04 AM
-- Server version: 5.7.11
-- PHP Version: 7.1.7

SET SQL_MODE = "NO_AUTO_VALUE_ON_ZERO";
SET AUTOCOMMIT = 0;
START TRANSACTION;
SET time_zone = "+00:00";


/*!40101 SET @OLD_CHARACTER_SET_CLIENT=@@CHARACTER_SET_CLIENT */;
/*!40101 SET @OLD_CHARACTER_SET_RESULTS=@@CHARACTER_SET_RESULTS */;
/*!40101 SET @OLD_COLLATION_CONNECTION=@@COLLATION_CONNECTION */;
/*!40101 SET NAMES utf8mb4 */;

--
-- Database: `college_admission`
--

-- --------------------------------------------------------

--
-- Table structure for table `book_details`
--

CREATE TABLE `book_details` (
  `id` int(11) NOT NULL,
  `student_id` int(11) NOT NULL,
  `department_id` int(11) NOT NULL,
  `booked_date` datetime NOT NULL DEFAULT CURRENT_TIMESTAMP,
  `is_expired` int(11) NOT NULL DEFAULT '0'
) ENGINE=InnoDB DEFAULT CHARSET=latin1;

--
-- Dumping data for table `book_details`
--

INSERT INTO `book_details` (`id`, `student_id`, `department_id`, `booked_date`, `is_expired`) VALUES
(18, 3, 14, '2019-01-24 12:26:07', 0),
(19, 3, 10, '2019-01-24 12:26:19', 0),
(20, 5, 12, '2019-01-24 12:27:32', 0),
(21, 7, 10, '2019-02-07 09:47:26', 0);

-- --------------------------------------------------------

--
-- Table structure for table `college_master`
--

CREATE TABLE `college_master` (
  `id` int(11) NOT NULL,
  `college_name` varchar(255) NOT NULL,
  `college_email` varchar(255) NOT NULL,
  `college_password` varchar(255) NOT NULL,
  `college_mobile` varchar(20) NOT NULL,
  `user_type` varchar(100) NOT NULL DEFAULT 'college'
) ENGINE=InnoDB DEFAULT CHARSET=latin1;

--
-- Dumping data for table `college_master`
--

INSERT INTO `college_master` (`id`, `college_name`, `college_email`, `college_password`, `college_mobile`, `user_type`) VALUES
(3, 'krishna College', 'aravindancadet@gmail.com', '567', '7412589630', 'college'),
(4, 'psg', 'psg789@gmail.com', '789', '8523697410', 'college'),
(5, 'newcollege', 'newcollege222@gmail.com', '222', '8523690147', 'college');

-- --------------------------------------------------------

--
-- Table structure for table `department_master`
--

CREATE TABLE `department_master` (
  `id` int(11) NOT NULL,
  `college_id` int(11) NOT NULL,
  `course_name` varchar(255) NOT NULL,
  `total_seats` int(11) NOT NULL,
  `booked_seats` int(11) NOT NULL,
  `10avg_needed` decimal(5,2) NOT NULL,
  `12avg_needed` decimal(5,2) NOT NULL
) ENGINE=InnoDB DEFAULT CHARSET=latin1;

--
-- Dumping data for table `department_master`
--

INSERT INTO `department_master` (`id`, `college_id`, `course_name`, `total_seats`, `booked_seats`, `10avg_needed`, `12avg_needed`) VALUES
(10, 3, 'computer science', 60, 0, '60.00', '60.00'),
(11, 3, 'BBA', 45, 0, '50.00', '50.00'),
(12, 3, 'B com', 50, 0, '75.00', '65.00'),
(13, 4, 'computer science', 55, 0, '65.00', '65.00'),
(14, 4, 'BBA', 65, 5, '60.00', '60.00'),
(15, 4, 'IT', 55, 0, '55.00', '55.00');

-- --------------------------------------------------------

--
-- Table structure for table `student_mark`
--

CREATE TABLE `student_mark` (
  `id` int(11) NOT NULL,
  `student_id` int(11) NOT NULL,
  `10th_avg` decimal(5,2) NOT NULL,
  `12th_avg` decimal(5,2) NOT NULL
) ENGINE=InnoDB DEFAULT CHARSET=latin1;

--
-- Dumping data for table `student_mark`
--

INSERT INTO `student_mark` (`id`, `student_id`, `10th_avg`, `12th_avg`) VALUES
(7, 3, '61.00', '62.00'),
(8, 3, '61.00', '62.00'),
(9, 3, '61.00', '62.00'),
(10, 5, '75.00', '75.00'),
(11, 6, '62.00', '65.00'),
(12, 7, '65.00', '70.00');

-- --------------------------------------------------------

--
-- Table structure for table `users`
--

CREATE TABLE `users` (
  `id` int(11) NOT NULL,
  `firstname` varchar(100) NOT NULL,
  `email` varchar(255) NOT NULL,
  `password` varchar(255) NOT NULL,
  `mobile` varchar(20) NOT NULL,
  `user_type` varchar(100) NOT NULL DEFAULT 'student'
) ENGINE=InnoDB DEFAULT CHARSET=latin1;

--
-- Dumping data for table `users`
--

INSERT INTO `users` (`id`, `firstname`, `email`, `password`, `mobile`, `user_type`) VALUES
(2, 'Aravindan Natarajan', 'aravindancadet@gmail.com', '111', '9597927183', 'superadmin'),
(3, 'student 1', 'student1@gmail.com', '111', '8523697410', 'student'),
(5, 'student 2', 'student2@gmail.com', '222', '88997744115', 'student'),
(6, 'student 3', 'student3@gmail.com', '333', '8569321740', 'student'),
(7, 'hema', 'hema@gmail.com', '111', '7458963210', 'student');

--
-- Indexes for dumped tables
--

--
-- Indexes for table `book_details`
--
ALTER TABLE `book_details`
  ADD PRIMARY KEY (`id`),
  ADD KEY `student_id` (`student_id`),
  ADD KEY `department_id` (`department_id`);

--
-- Indexes for table `college_master`
--
ALTER TABLE `college_master`
  ADD PRIMARY KEY (`id`);

--
-- Indexes for table `department_master`
--
ALTER TABLE `department_master`
  ADD PRIMARY KEY (`id`),
  ADD KEY `college_id` (`college_id`);

--
-- Indexes for table `student_mark`
--
ALTER TABLE `student_mark`
  ADD PRIMARY KEY (`id`),
  ADD KEY `student_id` (`student_id`);

--
-- Indexes for table `users`
--
ALTER TABLE `users`
  ADD PRIMARY KEY (`id`);

--
-- AUTO_INCREMENT for dumped tables
--

--
-- AUTO_INCREMENT for table `book_details`
--
ALTER TABLE `book_details`
  MODIFY `id` int(11) NOT NULL AUTO_INCREMENT, AUTO_INCREMENT=22;
--
-- AUTO_INCREMENT for table `college_master`
--
ALTER TABLE `college_master`
  MODIFY `id` int(11) NOT NULL AUTO_INCREMENT, AUTO_INCREMENT=6;
--
-- AUTO_INCREMENT for table `department_master`
--
ALTER TABLE `department_master`
  MODIFY `id` int(11) NOT NULL AUTO_INCREMENT, AUTO_INCREMENT=16;
--
-- AUTO_INCREMENT for table `student_mark`
--
ALTER TABLE `student_mark`
  MODIFY `id` int(11) NOT NULL AUTO_INCREMENT, AUTO_INCREMENT=13;
--
-- AUTO_INCREMENT for table `users`
--
ALTER TABLE `users`
  MODIFY `id` int(11) NOT NULL AUTO_INCREMENT, AUTO_INCREMENT=8;
--
-- Constraints for dumped tables
--

--
-- Constraints for table `book_details`
--
ALTER TABLE `book_details`
  ADD CONSTRAINT `book_details_ibfk_1` FOREIGN KEY (`student_id`) REFERENCES `users` (`id`),
  ADD CONSTRAINT `book_details_ibfk_2` FOREIGN KEY (`department_id`) REFERENCES `department_master` (`id`);

--
-- Constraints for table `department_master`
--
ALTER TABLE `department_master`
  ADD CONSTRAINT `department_master_ibfk_1` FOREIGN KEY (`college_id`) REFERENCES `college_master` (`id`);

--
-- Constraints for table `student_mark`
--
ALTER TABLE `student_mark`
  ADD CONSTRAINT `student_mark_ibfk_1` FOREIGN KEY (`student_id`) REFERENCES `users` (`id`);
COMMIT;

/*!40101 SET CHARACTER_SET_CLIENT=@OLD_CHARACTER_SET_CLIENT */;
/*!40101 SET CHARACTER_SET_RESULTS=@OLD_CHARACTER_SET_RESULTS */;
/*!40101 SET COLLATION_CONNECTION=@OLD_COLLATION_CONNECTION */;
